{
  "database": "memgraph",
  "query_category": "join",
  "query_variant": 1,
  "description": "Non-Indexed Columns: Join supplier and customer through nations on non-indexed comment keywords",
  "num_runs": 50,
  "mean_s": 3.488138,
  "median_s": 3.430488,
  "stdev_s": 0.139352,
  "min_s": 3.306677,
  "max_s": 4.031195,
  "percentile_5_s": 3.353587,
  "percentile_95_s": 3.740275,
  "all_times_s": [
    3.306677,
    3.338324,
    3.347831,
    3.360621,
    3.365847,
    3.37265,
    3.374629,
    3.375974,
    3.377607,
    3.378004,
    3.379286,
    3.390965,
    3.393573,
    3.40009,
    3.403621,
    3.404943,
    3.408135,
    3.412823,
    3.416615,
    3.418556,
    3.420644,
    3.421887,
    3.424814,
    3.425967,
    3.426774,
    3.434202,
    3.453576,
    3.467579,
    3.474489,
    3.487951,
    3.488638,
    3.498996,
    3.503035,
    3.503713,
    3.508028,
    3.516308,
    3.53111,
    3.544362,
    3.565546,
    3.58167,
    3.590831,
    3.615737,
    3.627246,
    3.631297,
    3.632899,
    3.654696,
    3.710871,
    3.764332,
    3.841749,
    4.031195
  ]
}