{
  "database": "memgraph",
  "query_category": "modification",
  "query_variant": 2,
  "description": "Indexed Columns Sorting: Sort products by brand",
  "num_runs": 50,
  "mean_s": 0.77211,
  "median_s": 0.692321,
  "stdev_s": 0.19354,
  "min_s": 0.574854,
  "max_s": 1.386117,
  "percentile_5_s": 0.622691,
  "percentile_95_s": 1.238809,
  "all_times_s": [
    0.574854,
    0.6165,
    0.620668,
    0.625163,
    0.627639,
    0.638958,
    0.641201,
    0.651429,
    0.651638,
    0.653071,
    0.655629,
    0.658424,
    0.660275,
    0.664799,
    0.666042,
    0.671114,
    0.671719,
    0.672811,
    0.674611,
    0.680557,
    0.682281,
    0.684845,
    0.686069,
    0.688417,
    0.68936,
    0.695281,
    0.695583,
    0.703048,
    0.714697,
    0.715571,
    0.722171,
    0.726084,
    0.734159,
    0.747709,
    0.749064,
    0.770972,
    0.773788,
    0.791428,
    0.805902,
    0.813791,
    0.858352,
    0.884079,
    0.912979,
    0.9401,
    1.090279,
    1.144308,
    1.226817,
    1.248621,
    1.346539,
    1.386117
  ]
}