{
  "database": "memgraph",
  "query_category": "selection",
  "query_variant": 1,
  "description": "Non-Indexed Columns: Select supplier named 'Supplier#000000666'",
  "num_runs": 50,
  "mean_s": 0.266103,
  "median_s": 0.258337,
  "stdev_s": 0.037738,
  "min_s": 0.256189,
  "max_s": 0.522267,
  "percentile_5_s": 0.256374,
  "percentile_95_s": 0.276497,
  "all_times_s": [
    0.256189,
    0.256194,
    0.256314,
    0.256448,
    0.256462,
    0.25651,
    0.256666,
    0.256741,
    0.256773,
    0.256867,
    0.256914,
    0.256917,
    0.25693,
    0.256953,
    0.256976,
    0.257008,
    0.257389,
    0.257427,
    0.257683,
    0.257836,
    0.257957,
    0.258008,
    0.258078,
    0.258176,
    0.258325,
    0.25835,
    0.258425,
    0.258749,
    0.258751,
    0.258915,
    0.259159,
    0.259397,
    0.259485,
    0.260847,
    0.262214,
    0.262337,
    0.262562,
    0.262769,
    0.26282,
    0.263081,
    0.263108,
    0.264667,
    0.26503,
    0.265733,
    0.266103,
    0.268328,
    0.269702,
    0.282056,
    0.302578,
    0.522267
  ]
}