{
  "database": "memgraph",
  "query_category": "set",
  "query_variant": 2,
  "description": "Intersection: Find common nations between suppliers and customers",
  "num_runs": 50,
  "mean_s": 9.527329,
  "median_s": 9.495169,
  "stdev_s": 0.20725,
  "min_s": 9.218763,
  "max_s": 10.00259,
  "percentile_5_s": 9.259269,
  "percentile_95_s": 9.926609,
  "all_times_s": [
    9.218763,
    9.235035,
    9.247688,
    9.273423,
    9.291891,
    9.294359,
    9.301744,
    9.315569,
    9.330285,
    9.34462,
    9.347273,
    9.348656,
    9.359037,
    9.364955,
    9.410088,
    9.411755,
    9.415035,
    9.420598,
    9.423508,
    9.426766,
    9.429605,
    9.440532,
    9.442366,
    9.464203,
    9.493223,
    9.497114,
    9.500368,
    9.501386,
    9.505267,
    9.529767,
    9.560161,
    9.563483,
    9.575736,
    9.61738,
    9.642139,
    9.644001,
    9.654244,
    9.663174,
    9.673275,
    9.680108,
    9.682513,
    9.729169,
    9.734267,
    9.760376,
    9.883586,
    9.906427,
    9.908192,
    9.941678,
    9.959055,
    10.00259
  ]
}