{
  "database": "memgraph",
  "query_category": "join",
  "query_variant": 3,
  "description": "Complex Join 1: Retrieve all order details",
  "num_runs": 50,
  "mean_s": 23.640063,
  "median_s": 23.766722,
  "stdev_s": 0.660754,
  "min_s": 21.851455,
  "max_s": 25.266793,
  "percentile_5_s": 22.15104,
  "percentile_95_s": 24.45964,
  "all_times_s": [
    21.851455,
    22.015761,
    22.133277,
    22.172751,
    22.556647,
    22.564373,
    22.994068,
    23.004632,
    23.260413,
    23.542557,
    23.574599,
    23.604288,
    23.608232,
    23.611815,
    23.645361,
    23.657099,
    23.662624,
    23.665427,
    23.688636,
    23.710403,
    23.733784,
    23.735047,
    23.752639,
    23.753527,
    23.758395,
    23.775048,
    23.777785,
    23.78066,
    23.782009,
    23.782473,
    23.787595,
    23.796517,
    23.80523,
    23.806601,
    23.809909,
    23.815323,
    23.83907,
    23.855433,
    23.85624,
    23.863,
    23.906867,
    24.001212,
    24.034755,
    24.079969,
    24.089749,
    24.170102,
    24.385455,
    24.520336,
    25.157213,
    25.266793
  ]
}