{
  "database": "memgraph",
  "query_category": "modification",
  "query_variant": 1,
  "description": "Non-Indexed Columns Sorting: Sort products by brand",
  "num_runs": 50,
  "mean_s": 0.648558,
  "median_s": 0.603012,
  "stdev_s": 0.139326,
  "min_s": 0.568636,
  "max_s": 1.243778,
  "percentile_5_s": 0.569724,
  "percentile_95_s": 1.013748,
  "all_times_s": [
    0.568636,
    0.568727,
    0.568924,
    0.570701,
    0.574292,
    0.574489,
    0.576011,
    0.577992,
    0.57805,
    0.579027,
    0.579414,
    0.580213,
    0.580368,
    0.58106,
    0.583981,
    0.584221,
    0.587469,
    0.589776,
    0.590822,
    0.595222,
    0.595803,
    0.595841,
    0.595992,
    0.598419,
    0.600958,
    0.605067,
    0.605067,
    0.60743,
    0.610763,
    0.611958,
    0.619751,
    0.620711,
    0.621255,
    0.62173,
    0.62175,
    0.624012,
    0.63392,
    0.638343,
    0.656158,
    0.665326,
    0.665556,
    0.675994,
    0.695449,
    0.696103,
    0.698806,
    0.711384,
    0.927572,
    1.084256,
    1.089337,
    1.243778
  ]
}