{
  "database": "memgraph",
  "query_category": "set",
  "query_variant": 1,
  "description": "Union: Get a list of contacts (phone) for both suppliers and customers",
  "num_runs": 50,
  "mean_s": 0.638434,
  "median_s": 0.627103,
  "stdev_s": 0.046782,
  "min_s": 0.596715,
  "max_s": 0.824829,
  "percentile_5_s": 0.600089,
  "percentile_95_s": 0.711672,
  "all_times_s": [
    0.596715,
    0.596822,
    0.598627,
    0.601875,
    0.605892,
    0.607145,
    0.609039,
    0.609628,
    0.610818,
    0.610976,
    0.611106,
    0.611781,
    0.611804,
    0.612152,
    0.612756,
    0.613076,
    0.615612,
    0.615824,
    0.615913,
    0.616378,
    0.616404,
    0.618674,
    0.620958,
    0.624306,
    0.626034,
    0.628172,
    0.628727,
    0.629887,
    0.631669,
    0.632228,
    0.633247,
    0.634383,
    0.635704,
    0.63653,
    0.636714,
    0.637511,
    0.643148,
    0.643669,
    0.644825,
    0.645807,
    0.65069,
    0.652415,
    0.665104,
    0.665512,
    0.683968,
    0.700501,
    0.708585,
    0.714197,
    0.823362,
    0.824829
  ]
}