{
  "database": "neo4j",
  "query_category": "join",
  "query_variant": 1,
  "description": "Non-Indexed Columns: Join supplier and customer through nations on non-indexed comment keywords",
  "num_runs": 50,
  "mean_s": 0.027598,
  "median_s": 0.021754,
  "stdev_s": 0.024425,
  "min_s": 0.020292,
  "max_s": 0.176486,
  "percentile_5_s": 0.020391,
  "percentile_95_s": 0.038065,
  "all_times_s": [
    0.020292,
    0.020297,
    0.020344,
    0.020448,
    0.020467,
    0.020595,
    0.02062,
    0.020641,
    0.020675,
    0.020766,
    0.020879,
    0.020964,
    0.021,
    0.02101,
    0.021045,
    0.021084,
    0.021101,
    0.021117,
    0.021264,
    0.02127,
    0.021275,
    0.021449,
    0.021541,
    0.021661,
    0.021743,
    0.021765,
    0.021794,
    0.021956,
    0.022,
    0.022516,
    0.022556,
    0.022649,
    0.022995,
    0.023016,
    0.023047,
    0.023313,
    0.023345,
    0.023877,
    0.024293,
    0.02445,
    0.024672,
    0.025254,
    0.025372,
    0.026719,
    0.029411,
    0.029694,
    0.030553,
    0.044211,
    0.100392,
    0.176486
  ]
}