{
  "database": "memgraph",
  "query_category": "modification",
  "query_variant": 3,
  "description": "Distinct: Find unique combinations of product brands and the countries of the suppliers selling those products",
  "num_runs": 50,
  "mean_s": 0.788888,
  "median_s": 0.740549,
  "stdev_s": 0.172467,
  "min_s": 0.688958,
  "max_s": 1.557527,
  "percentile_5_s": 0.696225,
  "percentile_95_s": 1.263282,
  "all_times_s": [
    0.688958,
    0.694698,
    0.695375,
    0.697265,
    0.697498,
    0.700099,
    0.70151,
    0.706811,
    0.710057,
    0.710358,
    0.710717,
    0.713565,
    0.717334,
    0.719214,
    0.719565,
    0.720507,
    0.721576,
    0.7231,
    0.726104,
    0.729123,
    0.731151,
    0.735384,
    0.737931,
    0.738531,
    0.740105,
    0.740993,
    0.74131,
    0.74138,
    0.74376,
    0.745728,
    0.749295,
    0.750399,
    0.75207,
    0.75656,
    0.757959,
    0.758858,
    0.763937,
    0.772028,
    0.775124,
    0.783899,
    0.784083,
    0.784793,
    0.803259,
    0.818141,
    0.829818,
    0.831422,
    1.227673,
    1.292416,
    1.295435,
    1.557527
  ]
}