{
  "database": "memgraph",
  "query_category": "join",
  "query_variant": 5,
  "description": "Neighborhood Search: Find all direct and indirect relationships between customers up to a depth of 3",
  "num_runs": 50,
  "mean_s": 0.411143,
  "median_s": 0.391387,
  "stdev_s": 0.071818,
  "min_s": 0.380259,
  "max_s": 0.866723,
  "percentile_5_s": 0.382976,
  "percentile_95_s": 0.453221,
  "all_times_s": [
    0.380259,
    0.381914,
    0.382819,
    0.383168,
    0.38345,
    0.384385,
    0.384543,
    0.384723,
    0.385902,
    0.386001,
    0.386273,
    0.387638,
    0.387841,
    0.387857,
    0.387992,
    0.38848,
    0.388637,
    0.388683,
    0.389645,
    0.389997,
    0.390006,
    0.390125,
    0.390292,
    0.391183,
    0.391382,
    0.391392,
    0.393219,
    0.39355,
    0.394011,
    0.394433,
    0.399236,
    0.399608,
    0.399796,
    0.399813,
    0.404124,
    0.404348,
    0.405226,
    0.405446,
    0.405816,
    0.411106,
    0.415778,
    0.416208,
    0.423198,
    0.425674,
    0.432908,
    0.435388,
    0.441811,
    0.462557,
    0.562561,
    0.866723
  ]
}