{
  "database": "neo4j",
  "query_category": "modification",
  "query_variant": 3,
  "description": "Distinct: Find unique combinations of product brands and the countries of the suppliers selling those products",
  "num_runs": 50,
  "mean_s": 0.447191,
  "median_s": 0.428773,
  "stdev_s": 0.076356,
  "min_s": 0.413217,
  "max_s": 0.950364,
  "percentile_5_s": 0.420048,
  "percentile_95_s": 0.495689,
  "all_times_s": [
    0.413217,
    0.419644,
    0.419895,
    0.420234,
    0.420354,
    0.420501,
    0.421371,
    0.421488,
    0.421747,
    0.422178,
    0.422575,
    0.422779,
    0.422851,
    0.423317,
    0.423406,
    0.424195,
    0.424271,
    0.424681,
    0.42475,
    0.424854,
    0.425642,
    0.426025,
    0.426239,
    0.427242,
    0.428154,
    0.429392,
    0.429725,
    0.429953,
    0.430136,
    0.43029,
    0.431495,
    0.432189,
    0.432557,
    0.432647,
    0.433406,
    0.433645,
    0.437135,
    0.44356,
    0.444642,
    0.446037,
    0.446648,
    0.462127,
    0.462254,
    0.475642,
    0.47795,
    0.479913,
    0.480113,
    0.508433,
    0.527675,
    0.950364
  ]
}