{
  "database": "memgraph",
  "query_category": "selection",
  "query_variant": 3,
  "description": "Indexed Columns: Select supplier with the ID 1337",
  "num_runs": 50,
  "mean_s": 0.274683,
  "median_s": 0.264647,
  "stdev_s": 0.033197,
  "min_s": 0.26024,
  "max_s": 0.449945,
  "percentile_5_s": 0.260538,
  "percentile_95_s": 0.328405,
  "all_times_s": [
    0.26024,
    0.260241,
    0.260497,
    0.260589,
    0.260665,
    0.260668,
    0.260733,
    0.261186,
    0.261454,
    0.261481,
    0.261723,
    0.261773,
    0.261878,
    0.26205,
    0.262459,
    0.26276,
    0.262833,
    0.262863,
    0.262927,
    0.26293,
    0.263192,
    0.264097,
    0.264125,
    0.264306,
    0.264418,
    0.264875,
    0.264884,
    0.265549,
    0.265893,
    0.265907,
    0.266592,
    0.267078,
    0.267155,
    0.267355,
    0.267997,
    0.268276,
    0.268489,
    0.269056,
    0.269322,
    0.27242,
    0.273086,
    0.27338,
    0.278856,
    0.279765,
    0.284761,
    0.291135,
    0.318098,
    0.336838,
    0.385373,
    0.449945
  ]
}