{
  "database": "neo4j",
  "query_category": "selection",
  "query_variant": 3,
  "description": "Indexed Columns: Select supplier with the ID 1337",
  "num_runs": 50,
  "mean_s": 0.018498,
  "median_s": 0.003521,
  "stdev_s": 0.101589,
  "min_s": 0.002077,
  "max_s": 0.722344,
  "percentile_5_s": 0.002325,
  "percentile_95_s": 0.008047,
  "all_times_s": [
    0.002077,
    0.002197,
    0.002248,
    0.002418,
    0.002431,
    0.002457,
    0.002476,
    0.002508,
    0.002565,
    0.002604,
    0.002739,
    0.002981,
    0.003007,
    0.003012,
    0.003049,
    0.003113,
    0.003128,
    0.003136,
    0.003149,
    0.003244,
    0.003313,
    0.003321,
    0.003432,
    0.003494,
    0.003511,
    0.003531,
    0.00355,
    0.003566,
    0.003612,
    0.003896,
    0.003936,
    0.004102,
    0.004291,
    0.004323,
    0.004389,
    0.004481,
    0.004733,
    0.005142,
    0.005315,
    0.005488,
    0.005527,
    0.005734,
    0.005998,
    0.006344,
    0.007211,
    0.007217,
    0.007582,
    0.008428,
    0.012531,
    0.722344
  ]
}