{
  "database": "memgraph",
  "query_category": "join",
  "query_variant": 7,
  "description": "Optional Traversal: Get a list of all suppliers and their part count (0 if they supply no parts)",
  "num_runs": 50,
  "mean_s": 0.618655,
  "median_s": 0.598914,
  "stdev_s": 0.057191,
  "min_s": 0.584011,
  "max_s": 0.846717,
  "percentile_5_s": 0.585779,
  "percentile_95_s": 0.751494,
  "all_times_s": [
    0.584011,
    0.585582,
    0.585664,
    0.585919,
    0.588424,
    0.590452,
    0.591122,
    0.59232,
    0.59324,
    0.593552,
    0.59364,
    0.594184,
    0.594982,
    0.595317,
    0.59603,
    0.596172,
    0.596746,
    0.596794,
    0.597053,
    0.598153,
    0.598246,
    0.598379,
    0.598415,
    0.598605,
    0.598899,
    0.598929,
    0.599213,
    0.599383,
    0.600853,
    0.601274,
    0.602626,
    0.60454,
    0.604901,
    0.605937,
    0.60692,
    0.607762,
    0.607898,
    0.609243,
    0.609673,
    0.612057,
    0.615246,
    0.623074,
    0.626382,
    0.636467,
    0.653687,
    0.688848,
    0.709969,
    0.785469,
    0.833758,
    0.846717
  ]
}