{
  "database": "neo4j",
  "query_category": "set",
  "query_variant": 1,
  "description": "Union: Get a list of contacts (phone) for both suppliers and customers",
  "num_runs": 50,
  "mean_s": 0.019937,
  "median_s": 0.016494,
  "stdev_s": 0.01356,
  "min_s": 0.015461,
  "max_s": 0.110161,
  "percentile_5_s": 0.015824,
  "percentile_95_s": 0.02874,
  "all_times_s": [
    0.015461,
    0.015673,
    0.015817,
    0.015833,
    0.015865,
    0.015893,
    0.015903,
    0.016047,
    0.01609,
    0.016096,
    0.016132,
    0.016136,
    0.016143,
    0.01615,
    0.0162,
    0.016203,
    0.016228,
    0.016233,
    0.016292,
    0.016368,
    0.016384,
    0.016386,
    0.01639,
    0.016417,
    0.016468,
    0.016519,
    0.016573,
    0.016578,
    0.01676,
    0.016923,
    0.017042,
    0.017412,
    0.017663,
    0.017819,
    0.018071,
    0.018379,
    0.01846,
    0.018563,
    0.018566,
    0.019051,
    0.019164,
    0.019294,
    0.020972,
    0.021627,
    0.023472,
    0.024072,
    0.024338,
    0.032341,
    0.03424,
    0.110161
  ]
}