{
  "database": "neo4j",
  "query_category": "selection",
  "query_variant": 1,
  "description": "Non-Indexed Columns: Select supplier named 'Supplier#000000666'",
  "num_runs": 50,
  "mean_s": 0.027599,
  "median_s": 0.007423,
  "stdev_s": 0.137717,
  "min_s": 0.005118,
  "max_s": 0.981637,
  "percentile_5_s": 0.005326,
  "percentile_95_s": 0.016065,
  "all_times_s": [
    0.005118,
    0.005301,
    0.005307,
    0.005349,
    0.00537,
    0.005429,
    0.005494,
    0.005495,
    0.005504,
    0.005606,
    0.005752,
    0.005754,
    0.005871,
    0.005873,
    0.0059,
    0.005984,
    0.006186,
    0.006275,
    0.006359,
    0.006511,
    0.00669,
    0.006952,
    0.00719,
    0.00729,
    0.007406,
    0.007441,
    0.007564,
    0.007646,
    0.00797,
    0.008036,
    0.008067,
    0.008149,
    0.008252,
    0.008427,
    0.008478,
    0.008507,
    0.008558,
    0.008919,
    0.009048,
    0.009335,
    0.00988,
    0.010776,
    0.011208,
    0.011399,
    0.012563,
    0.013019,
    0.01308,
    0.018507,
    0.023531,
    0.981637
  ]
}