{
  "database": "neo4j",
  "query_category": "join",
  "query_variant": 3,
  "description": "Complex Join 1: Retrieve all order details",
  "num_runs": 50,
  "mean_s": 0.054878,
  "median_s": 0.026861,
  "stdev_s": 0.181846,
  "min_s": 0.026023,
  "max_s": 1.314138,
  "percentile_5_s": 0.026205,
  "percentile_95_s": 0.051895,
  "all_times_s": [
    0.026023,
    0.026129,
    0.026193,
    0.02622,
    0.026231,
    0.026236,
    0.02632,
    0.026365,
    0.026381,
    0.026385,
    0.0264,
    0.026425,
    0.026492,
    0.026528,
    0.026641,
    0.026644,
    0.026655,
    0.026664,
    0.026705,
    0.026756,
    0.026768,
    0.026772,
    0.02679,
    0.026826,
    0.026845,
    0.026877,
    0.026936,
    0.027029,
    0.027121,
    0.027121,
    0.027378,
    0.02753,
    0.027596,
    0.027805,
    0.02793,
    0.028047,
    0.028334,
    0.028552,
    0.028835,
    0.02902,
    0.029071,
    0.029081,
    0.029089,
    0.030442,
    0.031025,
    0.041226,
    0.049067,
    0.054208,
    0.058048,
    1.314138
  ]
}