{
  "database": "neo4j",
  "query_category": "set",
  "query_variant": 2,
  "description": "Intersection: Find common nations between suppliers and customers",
  "num_runs": 50,
  "mean_s": 0.052428,
  "median_s": 0.030346,
  "stdev_s": 0.142557,
  "min_s": 0.02704,
  "max_s": 1.039228,
  "percentile_5_s": 0.027229,
  "percentile_95_s": 0.051144,
  "all_times_s": [
    0.02704,
    0.02714,
    0.027195,
    0.02727,
    0.027918,
    0.028004,
    0.028149,
    0.028305,
    0.028361,
    0.028905,
    0.02915,
    0.029197,
    0.029344,
    0.029461,
    0.029519,
    0.029532,
    0.029715,
    0.029733,
    0.029985,
    0.030143,
    0.030209,
    0.030219,
    0.030224,
    0.030298,
    0.030342,
    0.030351,
    0.030376,
    0.030444,
    0.030448,
    0.030731,
    0.03101,
    0.031311,
    0.031314,
    0.031589,
    0.031592,
    0.032119,
    0.032708,
    0.033072,
    0.033149,
    0.03403,
    0.034203,
    0.034359,
    0.034736,
    0.03658,
    0.037597,
    0.041596,
    0.043366,
    0.057507,
    0.062621,
    1.039228
  ]
}