{
  "database": "memgraph",
  "query_category": "join",
  "query_variant": 4,
  "description": "Complex Join 2: Retrieve all customers having more than 1 order",
  "num_runs": 50,
  "mean_s": 0.779225,
  "median_s": 0.757879,
  "stdev_s": 0.06528,
  "min_s": 0.729983,
  "max_s": 1.072787,
  "percentile_5_s": 0.736659,
  "percentile_95_s": 0.858936,
  "all_times_s": [
    0.729983,
    0.735317,
    0.736014,
    0.737448,
    0.737785,
    0.737901,
    0.738787,
    0.739195,
    0.739454,
    0.741744,
    0.742439,
    0.742753,
    0.742895,
    0.74418,
    0.745735,
    0.74598,
    0.7465,
    0.746561,
    0.74757,
    0.748847,
    0.749678,
    0.753154,
    0.754119,
    0.755412,
    0.757759,
    0.757999,
    0.758718,
    0.759771,
    0.761777,
    0.76256,
    0.764137,
    0.766625,
    0.768021,
    0.768148,
    0.77107,
    0.782517,
    0.790836,
    0.790986,
    0.792924,
    0.808938,
    0.813341,
    0.81847,
    0.824513,
    0.824747,
    0.827693,
    0.832261,
    0.856616,
    0.860834,
    1.027746,
    1.072787
  ]
}