{
  "database": "neo4j",
  "query_category": "join",
  "query_variant": 2,
  "description": "Indexed Columns: Join all products with their orders",
  "num_runs": 50,
  "mean_s": 0.050719,
  "median_s": 0.020493,
  "stdev_s": 0.201278,
  "min_s": 0.019249,
  "max_s": 1.444738,
  "percentile_5_s": 0.019387,
  "percentile_95_s": 0.03231,
  "all_times_s": [
    0.019249,
    0.019321,
    0.019371,
    0.019406,
    0.019465,
    0.01949,
    0.019498,
    0.019524,
    0.019558,
    0.019581,
    0.019621,
    0.01964,
    0.019707,
    0.019717,
    0.019742,
    0.019785,
    0.019797,
    0.01983,
    0.019874,
    0.019989,
    0.020039,
    0.020046,
    0.020106,
    0.020184,
    0.020211,
    0.020776,
    0.020795,
    0.020874,
    0.02092,
    0.021069,
    0.021113,
    0.021407,
    0.021564,
    0.021722,
    0.021779,
    0.021791,
    0.021793,
    0.021997,
    0.022042,
    0.022173,
    0.02264,
    0.023064,
    0.023081,
    0.023229,
    0.026813,
    0.029443,
    0.031697,
    0.032811,
    0.063884,
    1.444738
  ]
}