{
  "database": "neo4j",
  "timestamp": 1775637466.814056,
  "total_time_s": 556.168631,
  "memory_baseline_mb": 2426.097656,
  "memory_peak_mb": 4693.738281,
  "memory_usage_mb": 2267.640625
}