{
  "database": "neo4j",
  "query_category": "join",
  "query_variant": 5,
  "description": "Neighborhood Search: Find all direct and indirect relationships between customers up to a depth of 3",
  "num_runs": 50,
  "mean_s": 0.267365,
  "median_s": 0.152338,
  "stdev_s": 0.786023,
  "min_s": 0.135537,
  "max_s": 5.71339,
  "percentile_5_s": 0.140379,
  "percentile_95_s": 0.186831,
  "all_times_s": [
    0.135537,
    0.137993,
    0.13895,
    0.142125,
    0.143692,
    0.145334,
    0.145523,
    0.146305,
    0.146712,
    0.148207,
    0.148997,
    0.149429,
    0.150146,
    0.150243,
    0.15028,
    0.150827,
    0.150923,
    0.151004,
    0.151055,
    0.151168,
    0.151462,
    0.151804,
    0.151817,
    0.152037,
    0.152268,
    0.152408,
    0.153065,
    0.153483,
    0.153751,
    0.153931,
    0.155173,
    0.1556,
    0.155967,
    0.156135,
    0.156153,
    0.157369,
    0.160151,
    0.161139,
    0.162209,
    0.16226,
    0.166247,
    0.166706,
    0.1685,
    0.170914,
    0.172118,
    0.179722,
    0.180422,
    0.192074,
    0.215505,
    5.71339
  ]
}