{
  "database": "neo4j",
  "query_category": "aggregation",
  "query_variant": 1,
  "description": "COUNT: Count the number of products per brand",
  "num_runs": 50,
  "mean_s": 0.062802,
  "median_s": 0.043863,
  "stdev_s": 0.121239,
  "min_s": 0.041514,
  "max_s": 0.901746,
  "percentile_5_s": 0.041723,
  "percentile_95_s": 0.062894,
  "all_times_s": [
    0.041514,
    0.041561,
    0.041647,
    0.041816,
    0.0419,
    0.041985,
    0.042005,
    0.042014,
    0.04225,
    0.042283,
    0.042333,
    0.042405,
    0.042429,
    0.042472,
    0.042705,
    0.042711,
    0.042728,
    0.042743,
    0.042832,
    0.042912,
    0.042976,
    0.043079,
    0.043123,
    0.043222,
    0.043781,
    0.043945,
    0.044059,
    0.044222,
    0.044624,
    0.04468,
    0.04469,
    0.044901,
    0.045108,
    0.045167,
    0.045217,
    0.045361,
    0.045579,
    0.046601,
    0.046646,
    0.047125,
    0.047168,
    0.047444,
    0.048372,
    0.049439,
    0.04974,
    0.052444,
    0.061736,
    0.063842,
    0.078824,
    0.901746
  ]
}