{
  "database": "neo4j",
  "query_category": "join",
  "query_variant": 7,
  "description": "Optional Traversal: Get a list of all suppliers and their part count (0 if they supply no parts)",
  "num_runs": 50,
  "mean_s": 0.269338,
  "median_s": 0.251007,
  "stdev_s": 0.086106,
  "min_s": 0.231963,
  "max_s": 0.85237,
  "percentile_5_s": 0.238947,
  "percentile_95_s": 0.30938,
  "all_times_s": [
    0.231963,
    0.232985,
    0.236993,
    0.241335,
    0.241819,
    0.243362,
    0.245132,
    0.246556,
    0.246645,
    0.246882,
    0.246897,
    0.246929,
    0.247382,
    0.247593,
    0.247888,
    0.24841,
    0.248593,
    0.249491,
    0.249598,
    0.249624,
    0.249887,
    0.250055,
    0.250324,
    0.250539,
    0.250755,
    0.251259,
    0.251316,
    0.252335,
    0.253211,
    0.254359,
    0.254559,
    0.255563,
    0.256924,
    0.256998,
    0.257144,
    0.258571,
    0.260901,
    0.263537,
    0.266921,
    0.267138,
    0.267614,
    0.26959,
    0.275402,
    0.279078,
    0.283771,
    0.295612,
    0.306419,
    0.311803,
    0.316872,
    0.85237
  ]
}