{
  "database": "neo4j",
  "query_category": "join",
  "query_variant": 6,
  "description": "Shortest Path: Find the shortest path between two customers",
  "num_runs": 50,
  "mean_s": 0.160118,
  "median_s": 0.066664,
  "stdev_s": 0.632004,
  "min_s": 0.061632,
  "max_s": 4.538769,
  "percentile_5_s": 0.062842,
  "percentile_95_s": 0.099259,
  "all_times_s": [
    0.061632,
    0.062408,
    0.062838,
    0.062846,
    0.062869,
    0.063043,
    0.06305,
    0.063091,
    0.063107,
    0.063652,
    0.06371,
    0.063759,
    0.063919,
    0.064023,
    0.064178,
    0.06423,
    0.064416,
    0.064429,
    0.064781,
    0.065123,
    0.065264,
    0.065679,
    0.065691,
    0.065796,
    0.066548,
    0.066781,
    0.066872,
    0.067249,
    0.067313,
    0.067505,
    0.068249,
    0.068744,
    0.068815,
    0.068907,
    0.069127,
    0.070987,
    0.071036,
    0.071156,
    0.07314,
    0.074501,
    0.074725,
    0.075826,
    0.082673,
    0.082684,
    0.086949,
    0.090165,
    0.092432,
    0.104844,
    0.136387,
    4.538769
  ]
}