{
  "database": "memgraph",
  "query_category": "join",
  "query_variant": 6,
  "description": "Shortest Path: Find the shortest path between two customers",
  "num_runs": 50,
  "mean_s": 29.050596,
  "median_s": 28.827309,
  "stdev_s": 3.676368,
  "min_s": 22.54814,
  "max_s": 41.682273,
  "percentile_5_s": 24.728625,
  "percentile_95_s": 34.61128,
  "all_times_s": [
    22.54814,
    23.986787,
    24.624846,
    24.855466,
    24.916366,
    24.938129,
    24.954163,
    24.98502,
    25.052406,
    25.061454,
    25.136312,
    25.678045,
    26.579018,
    26.599185,
    26.868732,
    27.20667,
    27.403231,
    27.465629,
    27.505363,
    27.573856,
    27.578039,
    27.803716,
    28.044543,
    28.049322,
    28.791368,
    28.863251,
    29.056804,
    29.107038,
    29.36361,
    29.719876,
    29.797339,
    30.14388,
    30.161211,
    30.611442,
    30.771764,
    31.113061,
    31.301743,
    31.785766,
    31.799128,
    31.830957,
    32.232348,
    32.341902,
    32.415931,
    32.595038,
    32.990158,
    33.210693,
    33.231989,
    35.73979,
    36.456982,
    41.682273
  ]
}