{
  "database": "neo4j",
  "query_category": "modification",
  "query_variant": 2,
  "description": "Indexed Columns Sorting: Sort products by brand",
  "num_runs": 50,
  "mean_s": 0.24985,
  "median_s": 0.242763,
  "stdev_s": 0.027411,
  "min_s": 0.231695,
  "max_s": 0.428109,
  "percentile_5_s": 0.236712,
  "percentile_95_s": 0.265684,
  "all_times_s": [
    0.231695,
    0.233156,
    0.236512,
    0.236957,
    0.237749,
    0.237845,
    0.23823,
    0.238573,
    0.239038,
    0.239047,
    0.239167,
    0.239573,
    0.239623,
    0.239773,
    0.239869,
    0.240152,
    0.240422,
    0.240676,
    0.240695,
    0.241026,
    0.241498,
    0.241594,
    0.242442,
    0.24257,
    0.242747,
    0.24278,
    0.24361,
    0.243897,
    0.245172,
    0.24598,
    0.246141,
    0.246747,
    0.247519,
    0.247643,
    0.247645,
    0.248398,
    0.249934,
    0.253729,
    0.25423,
    0.254972,
    0.256008,
    0.258017,
    0.25887,
    0.260073,
    0.260862,
    0.264986,
    0.265026,
    0.266223,
    0.275317,
    0.428109
  ]
}