{
  "database": "memgraph",
  "query_category": "set",
  "query_variant": 3,
  "description": "Difference: Find customers who have not made any orders",
  "num_runs": 50,
  "mean_s": 0.618409,
  "median_s": 0.602655,
  "stdev_s": 0.076903,
  "min_s": 0.577417,
  "max_s": 1.112016,
  "percentile_5_s": 0.586248,
  "percentile_95_s": 0.687091,
  "all_times_s": [
    0.577417,
    0.579869,
    0.584312,
    0.588614,
    0.589085,
    0.589093,
    0.589812,
    0.590173,
    0.590449,
    0.590535,
    0.591235,
    0.59241,
    0.592506,
    0.592969,
    0.593204,
    0.59408,
    0.594656,
    0.594705,
    0.595131,
    0.595797,
    0.597024,
    0.599228,
    0.599863,
    0.601273,
    0.602496,
    0.602814,
    0.602828,
    0.603072,
    0.604037,
    0.604141,
    0.604632,
    0.604637,
    0.604699,
    0.60541,
    0.606587,
    0.606952,
    0.610119,
    0.611095,
    0.612764,
    0.61314,
    0.614378,
    0.618527,
    0.621071,
    0.641064,
    0.643098,
    0.66033,
    0.675652,
    0.69645,
    0.734981,
    1.112016
  ]
}