{
  "database": "neo4j",
  "query_category": "set",
  "query_variant": 3,
  "description": "Difference: Find customers who have not made any orders",
  "num_runs": 50,
  "mean_s": 0.163793,
  "median_s": 0.131831,
  "stdev_s": 0.182432,
  "min_s": 0.111611,
  "max_s": 1.422228,
  "percentile_5_s": 0.119261,
  "percentile_95_s": 0.179356,
  "all_times_s": [
    0.111611,
    0.11763,
    0.118127,
    0.120648,
    0.121073,
    0.121667,
    0.12252,
    0.123896,
    0.124862,
    0.126976,
    0.127261,
    0.127558,
    0.127884,
    0.128527,
    0.128686,
    0.128852,
    0.128892,
    0.129449,
    0.129491,
    0.129639,
    0.129869,
    0.130228,
    0.130524,
    0.131221,
    0.131644,
    0.132017,
    0.132072,
    0.132329,
    0.134983,
    0.135352,
    0.135936,
    0.136562,
    0.137775,
    0.138109,
    0.13902,
    0.142674,
    0.14273,
    0.147694,
    0.150102,
    0.152426,
    0.155921,
    0.158044,
    0.165836,
    0.166249,
    0.166432,
    0.17425,
    0.174844,
    0.183048,
    0.184264,
    1.422228
  ]
}