{
  "database": "memgraph",
  "query_category": "aggregation",
  "query_variant": 2,
  "description": "MAX: Find the most expensive product per brand",
  "num_runs": 50,
  "mean_s": 0.274554,
  "median_s": 0.267382,
  "stdev_s": 0.034509,
  "min_s": 0.260684,
  "max_s": 0.501636,
  "percentile_5_s": 0.261452,
  "percentile_95_s": 0.293451,
  "all_times_s": [
    0.260684,
    0.261312,
    0.261438,
    0.261468,
    0.261742,
    0.26192,
    0.262145,
    0.262312,
    0.262389,
    0.262719,
    0.26284,
    0.263259,
    0.263325,
    0.263474,
    0.263551,
    0.263589,
    0.263727,
    0.263964,
    0.26538,
    0.265799,
    0.266196,
    0.266729,
    0.267165,
    0.267179,
    0.267283,
    0.267481,
    0.267555,
    0.267731,
    0.267747,
    0.269158,
    0.269204,
    0.269283,
    0.269319,
    0.269578,
    0.269647,
    0.270085,
    0.270954,
    0.271026,
    0.2737,
    0.273958,
    0.275313,
    0.277263,
    0.277342,
    0.278045,
    0.283721,
    0.286738,
    0.291739,
    0.294852,
    0.323055,
    0.501636
  ]
}