{
  "database": "arangodb",
  "timestamp": 1775681737.934979,
  "total_time_s": 388.725346,
  "memory_baseline_mb": 373.890625,
  "memory_peak_mb": 3512.621094,
  "memory_usage_mb": 3138.730469
}