{
  "database": "neo4j",
  "query_category": "modification",
  "query_variant": 1,
  "description": "Non-Indexed Columns Sorting: Sort products by brand",
  "num_runs": 50,
  "mean_s": 0.274837,
  "median_s": 0.245303,
  "stdev_s": 0.176795,
  "min_s": 0.22682,
  "max_s": 1.496492,
  "percentile_5_s": 0.238426,
  "percentile_95_s": 0.285342,
  "all_times_s": [
    0.22682,
    0.235452,
    0.237639,
    0.239388,
    0.239867,
    0.240259,
    0.240259,
    0.240682,
    0.240876,
    0.241462,
    0.241833,
    0.242069,
    0.242172,
    0.24238,
    0.242496,
    0.242675,
    0.242811,
    0.243139,
    0.243326,
    0.243551,
    0.24371,
    0.243868,
    0.244377,
    0.244851,
    0.245092,
    0.245514,
    0.246488,
    0.247583,
    0.248283,
    0.249115,
    0.24931,
    0.249377,
    0.249591,
    0.249991,
    0.250603,
    0.25127,
    0.251467,
    0.255653,
    0.255781,
    0.255888,
    0.256372,
    0.258195,
    0.261549,
    0.26374,
    0.274082,
    0.283079,
    0.283757,
    0.286638,
    0.291,
    1.496492
  ]
}