{
  "database": "neo4j",
  "query_category": "join",
  "query_variant": 4,
  "description": "Complex Join 2: Retrieve all customers having more than 1 order",
  "num_runs": 50,
  "mean_s": 0.045914,
  "median_s": 0.01808,
  "stdev_s": 0.17931,
  "min_s": 0.017199,
  "max_s": 1.287468,
  "percentile_5_s": 0.017397,
  "percentile_95_s": 0.038784,
  "all_times_s": [
    0.017199,
    0.017248,
    0.017381,
    0.017417,
    0.017425,
    0.017434,
    0.017563,
    0.017581,
    0.017626,
    0.017662,
    0.01771,
    0.017712,
    0.017718,
    0.017735,
    0.01774,
    0.017741,
    0.017765,
    0.017835,
    0.017837,
    0.017875,
    0.017889,
    0.017908,
    0.017978,
    0.018006,
    0.018073,
    0.018088,
    0.018144,
    0.018154,
    0.018163,
    0.018319,
    0.018743,
    0.018852,
    0.018994,
    0.019423,
    0.019552,
    0.019839,
    0.019938,
    0.020038,
    0.020132,
    0.020312,
    0.020457,
    0.021313,
    0.022655,
    0.022855,
    0.026712,
    0.030045,
    0.033016,
    0.043503,
    0.058932,
    1.287468
  ]
}