{
  "database": "memgraph",
  "query_category": "join",
  "query_variant": 2,
  "description": "Indexed Columns: Join all products with their orders",
  "num_runs": 50,
  "mean_s": 8.704933,
  "median_s": 8.446058,
  "stdev_s": 0.978428,
  "min_s": 8.025767,
  "max_s": 14.494955,
  "percentile_5_s": 8.102477,
  "percentile_95_s": 9.745804,
  "all_times_s": [
    8.025767,
    8.067092,
    8.069501,
    8.14278,
    8.147753,
    8.165993,
    8.185071,
    8.185527,
    8.197575,
    8.218415,
    8.251855,
    8.265033,
    8.308656,
    8.318228,
    8.325057,
    8.328154,
    8.353259,
    8.360624,
    8.369408,
    8.382404,
    8.393482,
    8.394548,
    8.433865,
    8.433914,
    8.442232,
    8.449883,
    8.459495,
    8.464663,
    8.502545,
    8.508469,
    8.509147,
    8.544712,
    8.574526,
    8.604816,
    8.641329,
    8.652616,
    8.677699,
    8.842005,
    8.925867,
    8.928951,
    8.940704,
    8.950923,
    8.974695,
    9.061429,
    9.095012,
    9.374496,
    9.418789,
    10.013361,
    10.86936,
    14.494955
  ]
}