{
  "database": "neo4j",
  "query_category": "aggregation",
  "query_variant": 2,
  "description": "MAX: Find the most expensive product per brand",
  "num_runs": 50,
  "mean_s": 0.086231,
  "median_s": 0.068721,
  "stdev_s": 0.096873,
  "min_s": 0.063045,
  "max_s": 0.75081,
  "percentile_5_s": 0.063234,
  "percentile_95_s": 0.114205,
  "all_times_s": [
    0.063045,
    0.063157,
    0.063205,
    0.06327,
    0.063767,
    0.064049,
    0.0642,
    0.064358,
    0.064728,
    0.064826,
    0.064934,
    0.065086,
    0.065245,
    0.065346,
    0.065459,
    0.06557,
    0.066065,
    0.066729,
    0.066769,
    0.067342,
    0.067412,
    0.067653,
    0.067793,
    0.067855,
    0.068379,
    0.069064,
    0.069119,
    0.069362,
    0.070567,
    0.070676,
    0.070763,
    0.070931,
    0.070971,
    0.071018,
    0.07198,
    0.073558,
    0.073899,
    0.074986,
    0.075,
    0.07506,
    0.075088,
    0.075472,
    0.076073,
    0.082784,
    0.085922,
    0.090902,
    0.114132,
    0.114265,
    0.132916,
    0.75081
  ]
}