{
  "database": "memgraph",
  "query_category": "aggregation",
  "query_variant": 1,
  "description": "COUNT: Count the number of products per brand",
  "num_runs": 50,
  "mean_s": 0.257259,
  "median_s": 0.252749,
  "stdev_s": 0.017116,
  "min_s": 0.247649,
  "max_s": 0.358203,
  "percentile_5_s": 0.248232,
  "percentile_95_s": 0.282138,
  "all_times_s": [
    0.247649,
    0.248173,
    0.248187,
    0.248286,
    0.248294,
    0.24834,
    0.248648,
    0.248758,
    0.248841,
    0.248921,
    0.249042,
    0.249177,
    0.249586,
    0.24978,
    0.249815,
    0.24993,
    0.25038,
    0.250647,
    0.25095,
    0.251027,
    0.251081,
    0.251441,
    0.251642,
    0.252166,
    0.252555,
    0.252944,
    0.25349,
    0.253944,
    0.25406,
    0.254228,
    0.254647,
    0.255238,
    0.255271,
    0.255289,
    0.255434,
    0.255562,
    0.257857,
    0.257933,
    0.259197,
    0.259903,
    0.260132,
    0.260164,
    0.260331,
    0.260383,
    0.261717,
    0.27076,
    0.273782,
    0.288975,
    0.290206,
    0.358203
  ]
}